dt,x,y,position,velocity,acceleration,jerk,heading
0.020000,1.000000,51.750000,0.000213,0.021270,1.063498,53.174886,0.000000
0.020000,1.000000,51.750000,0.000213,0.000000,-1.063498,-106.349771,0.000000
0.020000,1.000000,51.750000,0.000213,0.000000,0.000000,53.174886,0.000000
0.020000,1.000000,51.750000,0.000213,0.000000,0.000000,0.000000,0.000000
0.020000,1.000000,51.750000,0.000213,0.000000,0.000000,0.000000,0.000000
0.020000,1.000000,51.750000,0.000213,0.000000,0.000000,0.000000,0.000000
0.020000,1.000000,51.750000,0.000213,0.000000,0.000000,0.000000,0.000000
0.020000,1.000000,51.750000,0.000213,0.000000,0.000000,0.000000,0.000000
0.020000,1.000000,51.750000,0.000213,0.000000,0.000000,0.000000,0.000000
0.020000,1.000000,51.750000,0.000213,0.000000,0.000000,0.000000,0.000000
0.020000,1.001737,51.750000,0.001949,0.086832,4.341612,217.080586,0.000000
0.020000,1.006629,51.750000,0.006841,0.244604,7.888612,177.350013,0.000000
0.020000,1.011946,51.750000,0.012159,0.265874,1.063498,-341.255714,0.000000
0.020000,1.017689,51.750000,0.017902,0.287144,1.063498,-0.000000,0.000000
0.020000,1.023857,51.750000,0.024070,0.308414,1.063498,0.000000,0.000000
0.020000,1.030451,51.750000,0.030664,0.329684,1.063498,0.000000,0.000000
0.020000,1.037470,51.750000,0.037683,0.350954,1.063498,-0.000000,0.000000
0.020000,1.044915,51.750000,0.045127,0.372224,1.063498,0.000000,0.000000
0.020000,1.052785,51.750000,0.052997,0.393494,1.063498,0.000000,0.000000
0.020000,1.061080,51.750000,0.061293,0.414764,1.063498,0.000000,0.000000
0.020000,1.069800,51.750000,0.070013,0.436034,1.063498,0.000000,0.000000
0.020000,1.078947,51.750000,0.079159,0.457304,1.063498,-0.000000,0.000000
0.020000,1.088518,51.750000,0.088731,0.478574,1.063498,0.000000,0.000000
0.020000,1.098515,51.750000,0.098728,0.499844,1.063498,0.000000,0.000000
0.020000,1.108937,51.750000,0.109150,0.521114,1.063498,-0.000000,0.000000
0.020000,1.119785,51.750000,0.119998,0.542384,1.063498,0.000000,0.000000
0.020000,1.131058,51.750000,0.131271,0.563654,1.063498,0.000000,0.000000
0.020000,1.142756,51.750000,0.142969,0.584924,1.063498,-0.000000,0.000000
0.020000,1.154880,51.750000,0.155093,0.606194,1.063498,0.000000,0.000000
0.020000,1.167430,51.750000,0.167642,0.627464,1.063498,-0.000000,0.000000
0.020000,1.180404,51.750000,0.180617,0.648734,1.063498,0.000000,0.000000
0.020000,1.193804,51.750000,0.194017,0.670004,1.063498,-0.000000,0.000000
0.020000,1.207630,51.750000,0.207843,0.691274,1.063498,0.000000,0.000000
0.020000,1.221881,51.750000,0.222093,0.712543,1.063498,-0.000000,0.000000
0.020000,1.236557,51.750000,0.236770,0.733813,1.063498,0.000000,0.000000
0.020000,1.251659,51.750000,0.251871,0.755083,1.063498,-0.000000,0.000000
0.020000,1.267186,51.750000,0.267398,0.776353,1.063498,0.000000,0.000000
0.020000,1.283138,51.750000,0.283351,0.797623,1.063498,0.000000,0.000000
0.020000,1.299516,51.750000,0.299729,0.818893,1.063498,-0.000000,0.000000
0.020000,1.316319,51.750000,0.316532,0.840163,1.063498,0.000000,0.000000
0.020000,1.333548,51.750000,0.333761,0.861433,1.063498,-0.000000,0.000000
0.020000,1.351202,51.750000,0.351415,0.882703,1.063498,0.000000,0.000000
0.020000,1.369281,51.750000,0.369494,0.903973,1.063498,0.000000,0.000000
0.020000,1.387786,51.750000,0.387999,0.925243,1.063498,-0.000000,0.000000
0.020000,1.406717,51.750000,0.406929,0.946513,1.063498,0.000000,0.000000
0.020000,1.426072,51.750000,0.426285,0.967783,1.063498,-0.000000,0.000000
0.020000,1.445853,51.750000,0.446066,0.989053,1.063498,0.000000,0.000000
0.020000,1.466060,51.750000,0.466272,1.010323,1.063498,0.000000,0.000000
0.020000,1.486692,51.750000,0.486904,1.031593,1.063498,0.000000,0.000000
0.020000,1.507749,51.750000,0.507962,1.052863,1.063498,-0.000000,0.000000
0.020000,1.529232,51.750000,0.529444,1.074133,1.063498,0.000000,0.000000
0.020000,1.551140,51.750000,0.551352,1.095403,1.063498,0.000000,0.000000
0.020000,1.573473,51.750000,0.573686,1.116673,1.063498,0.000000,0.000000
0.020000,1.596232,51.750000,0.596445,1.137943,1.063498,-0.000000,0.000000
0.020000,1.619416,51.750000,0.619629,1.159213,1.063498,0.000000,0.000000
0.020000,1.643026,51.750000,0.643238,1.180482,1.063498,0.000000,0.000000
0.020000,1.667061,51.750000,0.667274,1.201752,1.063498,-0.000000,0.000000
0.020000,1.691521,51.750000,0.691734,1.223022,1.063498,-0.000000,0.000000
0.020000,1.716407,51.750000,0.716620,1.244292,1.063498,0.000000,0.000000
0.020000,1.741718,51.750000,0.741931,1.265562,1.063498,0.000000,0.000000
0.020000,1.767455,51.750000,0.767668,1.286832,1.063498,-0.000000,0.000000
0.020000,1.793617,51.750000,0.793830,1.308102,1.063498,0.000000,0.000000
0.020000,1.820204,51.750000,0.820417,1.329372,1.063498,0.000000,0.000000
0.020000,1.847217,51.750000,0.847430,1.350642,1.063498,-0.000000,0.000000
0.020000,1.874656,51.750000,0.874868,1.371912,1.063498,0.000000,0.000000
0.020000,1.902519,51.750000,0.902732,1.393182,1.063498,0.000000,0.000000
0.020000,1.930808,51.750000,0.931021,1.414452,1.063498,-0.000000,0.000000
0.020000,1.959523,51.750000,0.959735,1.435722,1.063498,0.000000,0.000000
0.020000,1.988663,51.750000,0.988875,1.456992,1.063498,0.000000,0.000000
0.020000,2.018228,51.750000,1.018440,1.478262,1.063498,0.000000,0.000000
0.020000,2.048218,51.750000,1.048431,1.499532,1.063498,-0.000000,0.000000
0.020000,2.078634,51.750000,1.078847,1.520802,1.063498,0.000000,0.000000
0.020000,2.109476,51.750000,1.109689,1.542072,1.063498,0.000000,0.000000
0.020000,2.140743,51.750000,1.140955,1.563342,1.063498,-0.000000,0.000000
0.020000,2.172435,51.750000,1.172648,1.584612,1.063498,0.000000,0.000000
0.020000,2.204553,51.750000,1.204765,1.605882,1.063498,0.000000,0.000000
0.020000,2.237096,51.750000,1.237308,1.627152,1.063498,-0.000000,0.000000
0.020000,2.270064,51.750000,1.270277,1.648421,1.063498,0.000000,0.000000
0.020000,2.303458,51.750000,1.303671,1.669691,1.063498,0.000000,0.000000
0.020000,2.337277,51.750000,1.337490,1.690961,1.063498,-0.000000,0.000000
0.020000,2.371522,51.750000,1.371734,1.712231,1.063498,0.000000,0.000000
0.020000,2.406192,51.750000,1.406404,1.733501,1.063498,0.000000,0.000000
0.020000,2.441287,51.750000,1.441500,1.754771,1.063498,-0.000000,0.000000
0.020000,2.476808,51.750000,1.477021,1.776041,1.063498,0.000000,0.000000
0.020000,2.512754,51.750000,1.512967,1.797311,1.063498,0.000000,0.000000
0.020000,2.549126,51.750000,1.549339,1.818581,1.063498,0.000000,0.000000
0.020000,2.585923,51.750000,1.586136,1.839851,1.063498,-0.000000,0.000000
0.020000,2.623145,51.750000,1.623358,1.861121,1.063498,0.000000,0.000000
0.020000,2.660793,51.750000,1.661006,1.882391,1.063498,-0.000000,0.000000
0.020000,2.698866,51.750000,1.699079,1.903661,1.063498,0.000000,0.000000
0.020000,2.737365,51.750000,1.737578,1.924931,1.063498,-0.000000,0.000000
0.020000,2.776289,51.750000,1.776502,1.946201,1.063498,0.000000,0.000000
0.020000,2.815638,51.750000,1.815851,1.967471,1.063498,-0.000000,0.000000
0.020000,2.855413,51.750000,1.855626,1.988741,1.063498,0.000000,0.000000
0.020000,2.895613,51.750000,1.895826,2.010011,1.063498,0.000000,0.000000
0.020000,2.936239,51.750000,1.936452,2.031281,1.063498,-0.000000,0.000000
0.020000,2.977290,51.750000,1.977503,2.052551,1.063498,0.000000,0.000000
0.020000,3.018766,51.750000,2.018979,2.073821,1.063498,0.000000,0.000000
0.020000,3.060668,51.750000,2.060881,2.095090,1.063498,-0.000000,0.000000
0.020000,3.102995,51.750000,2.103208,2.116360,1.063498,0.000000,0.000000
0.020000,3.145748,51.750000,2.145961,2.137630,1.063498,-0.000000,0.000000
0.020000,3.188926,51.750000,2.189139,2.158900,1.063498,-0.000000,0.000000
0.020000,3.232529,51.750000,2.232742,2.180170,1.063498,0.000000,0.000000
0.020000,3.276558,51.750000,2.276771,2.201440,1.063498,-0.000000,0.000000
0.020000,3.321012,51.750000,2.321225,2.222710,1.063498,0.000000,0.000000
0.020000,3.365892,51.750000,2.366105,2.243980,1.063498,0.000000,0.000000
0.020000,3.411197,51.750000,2.411410,2.265250,1.063498,-0.000000,0.000000
0.020000,3.456927,51.750000,2.457140,2.286520,1.063498,0.000000,0.000000
0.020000,3.503083,51.750000,2.503296,2.307790,1.063498,0.000000,0.000000
0.020000,3.549664,51.750000,2.549877,2.329060,1.063498,-0.000000,0.000000
0.020000,3.596671,51.750000,2.596884,2.350330,1.063498,0.000000,0.000000
0.020000,3.644103,51.750000,2.644316,2.371600,1.063498,-0.000000,0.000000
0.020000,3.691960,51.750000,2.692173,2.392870,1.063498,0.000000,0.000000
0.020000,3.740243,51.750000,2.740456,2.414140,1.063498,-0.000000,0.000000
0.020000,3.788951,51.750000,2.789164,2.435410,1.063498,0.000000,0.000000
0.020000,3.838085,51.750000,2.838298,2.456680,1.063498,-0.000000,0.000000
0.020000,3.887644,51.750000,2.887857,2.477950,1.063498,0.000000,0.000000
0.020000,3.937628,51.750000,2.937841,2.499220,1.063498,-0.000000,0.000000
0.020000,3.988038,51.750000,2.988251,2.520490,1.063498,0.000000,0.000000
0.020000,4.038873,51.750000,3.039086,2.541760,1.063498,-0.000000,0.000000
0.020000,4.090134,51.750000,3.090347,2.563029,1.063498,0.000000,0.000000
0.020000,4.141820,51.750000,3.142033,2.584299,1.063498,-0.000000,0.000000
0.020000,4.193931,51.750000,3.194144,2.605569,1.063498,0.000000,0.000000
0.020000,4.246468,51.750000,3.246681,2.626839,1.063498,0.000000,0.000000
0.020000,4.299430,51.750000,3.299643,2.648109,1.063498,-0.000000,0.000000
0.020000,4.352818,51.750000,3.353031,2.669379,1.063498,-0.000000,0.000000
0.020000,4.406631,51.750000,3.406844,2.690649,1.063498,0.000000,0.000000
0.020000,4.460869,51.750000,3.461082,2.711919,1.063498,0.000000,0.000000
0.020000,4.515533,51.750000,3.515746,2.733189,1.063498,-0.000000,0.000000
0.020000,4.570622,51.750000,3.570835,2.754459,1.063498,0.000000,0.000000
0.020000,4.626137,51.750000,3.626350,2.775729,1.063498,0.000000,0.000000
0.020000,4.682077,51.750000,3.682290,2.796999,1.063498,-0.000000,0.000000
0.020000,4.738442,51.750000,3.738655,2.818269,1.063498,0.000000,0.000000
0.020000,4.795233,51.750000,3.795446,2.839539,1.063498,0.000000,0.000000
0.020000,4.852449,51.750000,3.852662,2.860809,1.063498,0.000000,0.000000
0.020000,4.910091,51.750000,3.910303,2.882079,1.063498,0.000000,0.000000
0.020000,4.968158,51.750000,3.968370,2.903349,1.063498,-0.000000,0.000000
0.020000,5.026650,51.750000,4.026863,2.924619,1.063498,0.000000,0.000000
0.020000,5.085568,51.750000,4.085781,2.945889,1.063498,0.000000,0.000000
0.020000,5.144911,51.750000,4.145124,2.967159,1.063498,-0.000000,0.000000
0.020000,5.204680,51.750000,4.204892,2.988429,1.063498,0.000000,0.000000
0.020000,5.264874,51.750000,4.265086,3.009699,1.063498,-0.000000,0.000000
0.020000,5.325493,51.750000,4.325706,3.030968,1.063498,0.000000,0.000000
0.020000,5.386538,51.750000,4.386750,3.052238,1.063498,0.000000,0.000000
0.020000,5.448008,51.750000,4.448221,3.073508,1.063498,0.000000,0.000000
0.020000,5.509903,51.750000,4.510116,3.094778,1.063498,0.000000,0.000000
0.020000,5.572224,51.750000,4.572437,3.116048,1.063498,0.000000,0.000000
0.020000,5.634971,51.750000,4.635183,3.137318,1.063498,-0.000000,0.000000
0.020000,5.698143,51.750000,4.698355,3.158588,1.063498,0.000000,0.000000
0.020000,5.761740,51.750000,4.761952,3.179858,1.063498,-0.000000,0.000000
0.020000,5.825762,51.750000,4.825975,3.201128,1.063498,0.000000,0.000000
0.020000,5.890210,51.750000,4.890423,3.222398,1.063498,-0.000000,0.000000
0.020000,5.955084,51.750000,4.955296,3.243668,1.063498,0.000000,0.000000
0.020000,6.020382,51.750000,5.020595,3.264938,1.063498,-0.000000,0.000000
0.020000,6.086107,51.750000,5.086319,3.286208,1.063498,0.000000,0.000000
0.020000,6.152256,51.750000,5.152469,3.307478,1.063498,0.000000,0.000000
0.020000,6.218831,51.750000,5.219044,3.328748,1.063498,0.000000,0.000000
0.020000,6.285831,51.750000,5.286044,3.350018,1.063498,-0.000000,0.000000
0.020000,6.353257,51.750000,5.353470,3.371288,1.063498,0.000000,0.000000
0.020000,6.421108,51.750000,5.421321,3.392558,1.063498,0.000000,0.000000
0.020000,6.489385,51.750000,5.489598,3.413828,1.063498,0.000000,0.000000
0.020000,6.558087,51.750000,5.558300,3.435098,1.063498,0.000000,0.000000
0.020000,6.627214,51.750000,5.627427,3.456368,1.063498,0.000000,0.000000
0.020000,6.696767,51.750000,5.696980,3.477638,1.063498,0.000000,0.000000
0.020000,6.766745,51.750000,5.766958,3.498907,1.063498,-0.000000,0.000000
0.020000,6.837149,51.750000,5.837361,3.520177,1.063498,0.000000,0.000000
0.020000,6.907978,51.750000,5.908190,3.541447,1.063498,0.000000,0.000000
0.020000,6.979232,51.750000,5.979445,3.562717,1.063498,-0.000000,0.000000
0.020000,7.050912,51.750000,6.051124,3.583987,1.063498,0.000000,0.000000
0.020000,7.123017,51.750000,6.123229,3.605257,1.063498,-0.000000,0.000000
0.020000,7.195547,51.750000,6.195760,3.626527,1.063498,0.000000,0.000000
0.020000,7.268503,51.750000,6.268716,3.647797,1.063498,-0.000000,0.000000
0.020000,7.341885,51.750000,6.342097,3.669067,1.063498,0.000000,0.000000
0.020000,7.415691,51.750000,6.415904,3.690337,1.063498,0.000000,0.000000
0.020000,7.489924,51.750000,6.490136,3.711607,1.063498,-0.000000,0.000000
0.020000,7.564581,51.750000,6.564794,3.732877,1.063498,0.000000,0.000000
0.020000,7.639664,51.750000,6.639877,3.754147,1.063498,0.000000,0.000000
0.020000,7.715172,51.750000,6.715385,3.775417,1.063498,-0.000000,0.000000
0.020000,7.791106,51.750000,6.791319,3.796687,1.063498,-0.000000,0.000000
0.020000,7.867465,51.750000,6.867678,3.817957,1.063498,0.000000,0.000000
0.020000,7.944250,51.750000,6.944462,3.839227,1.063498,-0.000000,0.000000
0.020000,8.021460,51.750000,7.021672,3.860497,1.063498,-0.000000,0.000000
0.020000,8.099095,51.750000,7.099308,3.881767,1.063498,0.000000,0.000000
0.020000,8.177156,51.750000,7.177368,3.903037,1.063498,-0.000000,0.000000
0.020000,8.255642,51.750000,7.255855,3.924307,1.063498,0.000000,0.000000
0.020000,8.334553,51.750000,7.334766,3.945577,1.063498,-0.000000,0.000000
0.020000,8.413890,51.750000,7.414103,3.966846,1.063498,0.000000,0.000000
0.020000,8.493653,51.750000,7.493865,3.988116,1.063498,0.000000,0.000000
0.020000,8.573840,51.750000,7.574053,4.009386,1.063498,-0.000000,0.000000
0.020000,8.654453,51.750000,7.654666,4.030656,1.063498,0.000000,0.000000
0.020000,8.735492,51.750000,7.735705,4.051926,1.063498,-0.000000,0.000000
0.020000,8.816956,51.750000,7.817169,4.073196,1.063498,0.000000,0.000000
0.020000,8.898845,51.750000,7.899058,4.094466,1.063498,0.000000,0.000000
0.020000,8.981160,51.750000,7.981373,4.115736,1.063498,-0.000000,0.000000
0.020000,9.063900,51.750000,8.064113,4.137006,1.063498,0.000000,0.000000
0.020000,9.147066,51.750000,8.147278,4.158276,1.063498,0.000000,0.000000
0.020000,9.230657,51.750000,8.230869,4.179546,1.063498,0.000000,0.000000
0.020000,9.314673,51.750000,8.314886,4.200816,1.063498,-0.000000,0.000000
0.020000,9.399115,51.750000,8.399327,4.222086,1.063498,0.000000,0.000000
0.020000,9.483982,51.750000,8.484194,4.243356,1.063498,-0.000000,0.000000
0.020000,9.569274,51.750000,8.569487,4.264626,1.063498,0.000000,0.000000
0.020000,9.654992,51.750000,8.655205,4.285896,1.063498,0.000000,0.000000
0.020000,9.741135,51.750000,8.741348,4.307166,1.063498,0.000000,0.000000
0.020000,9.827704,51.750000,8.827917,4.328436,1.063498,0.000000,0.000000
0.020000,9.914698,51.750000,8.914911,4.349706,1.063498,-0.000000,0.000000
0.020000,10.002118,51.750000,9.002331,4.370976,1.063498,0.000000,0.000000
0.020000,10.089963,51.750000,9.090175,4.392246,1.063498,0.000000,0.000000
0.020000,10.178233,51.750000,9.178446,4.413516,1.063498,-0.000000,0.000000
0.020000,10.266929,51.750000,9.267141,4.434785,1.063498,0.000000,0.000000
0.020000,10.356050,51.750000,9.356263,4.456055,1.063498,0.000000,0.000000
0.020000,10.445596,51.750000,9.445809,4.477325,1.063498,-0.000000,0.000000
0.020000,10.535568,51.750000,9.535781,4.498595,1.063498,0.000000,0.000000
0.020000,10.625966,51.750000,9.626178,4.519865,1.063498,-0.000000,0.000000
0.020000,10.716788,51.750000,9.717001,4.541135,1.063498,0.000000,0.000000
0.020000,10.808036,51.750000,9.808249,4.562405,1.063498,-0.000000,0.000000
0.020000,10.899710,51.750000,9.899923,4.583675,1.063498,0.000000,0.000000
0.020000,10.991809,51.750000,9.992021,4.604945,1.063498,-0.000000,0.000000
0.020000,11.084333,51.750000,10.084546,4.626215,1.063498,0.000000,0.000000
0.020000,11.177283,51.750000,10.177495,4.647485,1.063498,0.000000,0.000000
0.020000,11.270658,51.750000,10.270871,4.668755,1.063498,0.000000,0.000000
0.020000,11.364458,51.750000,10.364671,4.690025,1.063498,0.000000,0.000000
0.020000,11.458684,51.750000,10.458897,4.711295,1.063498,0.000000,0.000000
0.020000,11.553336,51.750000,10.553548,4.732565,1.063498,0.000000,0.000000
0.020000,11.648412,51.750000,10.648625,4.753835,1.063498,-0.000000,0.000000
0.020000,11.743914,51.750000,10.744127,4.775105,1.063498,0.000000,0.000000
0.020000,11.839842,51.750000,10.840055,4.796375,1.063498,0.000000,0.000000
0.020000,11.936195,51.750000,10.936407,4.817645,1.063498,0.000000,0.000000
0.020000,12.032973,51.750000,11.033186,4.838915,1.063498,0.000000,0.000000
0.020000,12.130177,51.750000,11.130389,4.860185,1.063498,0.000000,0.000000
0.020000,12.227806,51.750000,11.228019,4.881455,1.063498,0.000000,0.000000
0.020000,12.325860,51.750000,11.326073,4.902724,1.063498,-0.000000,0.000000
0.020000,12.424340,51.750000,11.424553,4.923994,1.063498,0.000000,0.000000
0.020000,12.523245,51.750000,11.523458,4.945264,1.063498,-0.000000,0.000000
0.020000,12.622576,51.750000,11.622789,4.966534,1.063498,0.000000,0.000000
0.020000,12.722332,51.750000,11.722545,4.987804,1.063498,-0.000000,0.000000
0.020000,12.822514,51.750000,11.822726,5.009074,1.063498,0.000000,0.000000
0.020000,12.923121,51.750000,11.923333,5.030344,1.063498,0.000000,0.000000
0.020000,13.023788,51.750000,12.024001,5.033384,0.151991,-45.575315,0.000000
0.020000,13.124091,51.750000,12.124304,5.015154,-0.911506,-53.174886,0.000000
0.020000,13.223969,51.750000,12.224182,4.993884,-1.063498,-7.599571,0.000000
0.020000,13.323421,51.750000,12.323634,4.972614,-1.063498,0.000000,0.000000
0.020000,13.422448,51.750000,12.422661,4.951344,-1.063498,0.000000,0.000000
0.020000,13.521050,51.750000,12.521262,4.930074,-1.063498,-0.000000,0.000000
0.020000,13.619226,51.750000,12.619438,4.908804,-1.063498,0.000000,0.000000
0.020000,13.716976,51.750000,12.717189,4.887534,-1.063498,-0.000000,0.000000
0.020000,13.814302,51.750000,12.814514,4.866264,-1.063498,0.000000,0.000000
0.020000,13.911202,51.750000,12.911414,4.844994,-1.063498,0.000000,0.000000
0.020000,14.007676,51.750000,13.007889,4.823724,-1.063498,0.000000,0.000000
0.020000,14.103725,51.750000,13.103938,4.802454,-1.063498,0.000000,0.000000
0.020000,14.199349,51.750000,13.199562,4.781184,-1.063498,-0.000000,0.000000
0.020000,14.294547,51.750000,13.294760,4.759914,-1.063498,0.000000,0.000000
0.020000,14.389320,51.750000,13.389533,4.738644,-1.063498,0.000000,0.000000
0.020000,14.483668,51.750000,13.483880,4.717375,-1.063498,-0.000000,0.000000
0.020000,14.577590,51.750000,13.577802,4.696105,-1.063498,-0.000000,0.000000
0.020000,14.671086,51.750000,13.671299,4.674835,-1.063498,0.000000,0.000000
0.020000,14.764158,51.750000,13.764370,4.653565,-1.063498,-0.000000,0.000000
0.020000,14.856804,51.750000,13.857016,4.632295,-1.063498,0.000000,0.000000
0.020000,14.949024,51.750000,13.949237,4.611025,-1.063498,-0.000000,0.000000
0.020000,15.040819,51.750000,14.041032,4.589755,-1.063498,0.000000,0.000000
0.020000,15.132189,51.750000,14.132402,4.568485,-1.063498,0.000000,0.000000
0.020000,15.223133,51.750000,14.223346,4.547215,-1.063498,-0.000000,0.000000
0.020000,15.313652,51.750000,14.313865,4.525945,-1.063498,0.000000,0.000000
0.020000,15.403746,51.750000,14.403958,4.504675,-1.063498,0.000000,0.000000
0.020000,15.493414,51.750000,14.493626,4.483405,-1.063498,-0.000000,0.000000
0.020000,15.582656,51.750000,14.582869,4.462135,-1.063498,0.000000,0.000000
0.020000,15.671474,51.750000,14.671686,4.440865,-1.063498,0.000000,0.000000
0.020000,15.759866,51.750000,14.760078,4.419595,-1.063498,-0.000000,0.000000
0.020000,15.847832,51.750000,14.848045,4.398325,-1.063498,0.000000,0.000000
0.020000,15.935373,51.750000,14.935586,4.377055,-1.063498,0.000000,0.000000
0.020000,16.022489,51.750000,15.022702,4.355785,-1.063498,-0.000000,0.000000
0.020000,16.109179,51.750000,15.109392,4.334515,-1.063498,0.000000,0.000000
0.020000,16.195444,51.750000,15.195657,4.313245,-1.063498,-0.000000,0.000000
0.020000,16.281284,51.750000,15.281496,4.291975,-1.063498,0.000000,0.000000
0.020000,16.366698,51.750000,15.366910,4.270705,-1.063498,-0.000000,0.000000
0.020000,16.451686,51.750000,15.451899,4.249436,-1.063498,0.000000,0.000000
0.020000,16.536250,51.750000,15.536462,4.228166,-1.063498,0.000000,0.000000
0.020000,16.620388,51.750000,15.620600,4.206896,-1.063498,0.000000,0.000000
0.020000,16.704100,51.750000,15.704313,4.185626,-1.063498,-0.000000,0.000000
0.020000,16.787387,51.750000,15.787600,4.164356,-1.063498,0.000000,0.000000
0.020000,16.870249,51.750000,15.870462,4.143086,-1.063498,-0.000000,0.000000
0.020000,16.952685,51.750000,15.952898,4.121816,-1.063498,0.000000,0.000000
0.020000,17.034696,51.750000,16.034909,4.100546,-1.063498,0.000000,0.000000
0.020000,17.116282,51.750000,16.116494,4.079276,-1.063498,-0.000000,0.000000
0.020000,17.197442,51.750000,16.197655,4.058006,-1.063498,0.000000,0.000000
0.020000,17.278177,51.750000,16.278389,4.036736,-1.063498,-0.000000,0.000000
0.020000,17.358486,51.750000,16.358699,4.015466,-1.063498,0.000000,0.000000
0.020000,17.438370,51.750000,16.438582,3.994196,-1.063498,-0.000000,0.000000
0.020000,17.517828,51.750000,16.518041,3.972926,-1.063498,0.000000,0.000000
0.020000,17.596861,51.750000,16.597074,3.951656,-1.063498,0.000000,0.000000
0.020000,17.675469,51.750000,16.675682,3.930386,-1.063498,0.000000,0.000000
0.020000,17.753651,51.750000,16.753864,3.909116,-1.063498,0.000000,0.000000
0.020000,17.831408,51.750000,16.831621,3.887846,-1.063498,0.000000,0.000000
0.020000,17.908740,51.750000,16.908953,3.866576,-1.063498,-0.000000,0.000000
0.020000,17.985646,51.750000,16.985859,3.845306,-1.063498,0.000000,0.000000
0.020000,18.062127,51.750000,17.062340,3.824036,-1.063498,0.000000,0.000000
0.020000,18.138182,51.750000,17.138395,3.802766,-1.063498,0.000000,0.000000
0.020000,18.213812,51.750000,17.214025,3.781497,-1.063498,0.000000,0.000000
0.020000,18.289017,51.750000,17.289229,3.760227,-1.063498,-0.000000,0.000000
0.020000,18.363796,51.750000,17.364008,3.738957,-1.063498,0.000000,0.000000
0.020000,18.438149,51.750000,17.438362,3.717687,-1.063498,0.000000,0.000000
0.020000,18.512078,51.750000,17.512290,3.696417,-1.063498,-0.000000,0.000000
0.020000,18.585581,51.750000,17.585793,3.675147,-1.063498,0.000000,0.000000
0.020000,18.658658,51.750000,17.658871,3.653877,-1.063498,0.000000,0.000000
0.020000,18.731310,51.750000,17.731523,3.632607,-1.063498,-0.000000,0.000000
0.020000,18.803537,51.750000,17.803750,3.611337,-1.063498,0.000000,0.000000
0.020000,18.875338,51.750000,17.875551,3.590067,-1.063498,-0.000000,0.000000
0.020000,18.946714,51.750000,17.946927,3.568797,-1.063498,-0.000000,0.000000
0.020000,19.017665,51.750000,18.017878,3.547527,-1.063498,0.000000,0.000000
0.020000,19.088190,51.750000,18.088403,3.526257,-1.063498,0.000000,0.000000
0.020000,19.158290,51.750000,18.158503,3.504987,-1.063498,0.000000,0.000000
0.020000,19.227964,51.750000,18.228177,3.483717,-1.063498,-0.000000,0.000000
0.020000,19.297213,51.750000,18.297426,3.462447,-1.063498,0.000000,0.000000
0.020000,19.366037,51.750000,18.366249,3.441177,-1.063498,0.000000,0.000000
0.020000,19.434435,51.750000,18.434648,3.419907,-1.063498,0.000000,0.000000
0.020000,19.502408,51.750000,18.502620,3.398637,-1.063498,-0.000000,0.000000
0.020000,19.569955,51.750000,18.570168,3.377367,-1.063498,0.000000,0.000000
0.020000,19.637077,51.750000,18.637290,3.356097,-1.063498,-0.000000,0.000000
0.020000,19.703773,51.750000,18.703986,3.334828,-1.063498,0.000000,0.000000
0.020000,19.770045,51.750000,18.770257,3.313558,-1.063498,-0.000000,0.000000
0.020000,19.835890,51.750000,18.836103,3.292288,-1.063498,0.000000,0.000000
0.020000,19.901311,51.750000,18.901523,3.271018,-1.063498,-0.000000,0.000000
0.020000,19.966306,51.750000,18.966518,3.249748,-1.063498,0.000000,0.000000
0.020000,20.030875,51.750000,19.031088,3.228478,-1.063498,-0.000000,0.000000
0.020000,20.095019,51.750000,19.095232,3.207208,-1.063498,0.000000,0.000000
0.020000,20.158738,51.750000,19.158951,3.185938,-1.063498,-0.000000,0.000000
0.020000,20.222031,51.750000,19.222244,3.164668,-1.063498,0.000000,0.000000
0.020000,20.284899,51.750000,19.285112,3.143398,-1.063498,-0.000000,0.000000
0.020000,20.347342,51.750000,19.347555,3.122128,-1.063498,0.000000,0.000000
0.020000,20.409359,51.750000,19.409572,3.100858,-1.063498,-0.000000,0.000000
0.020000,20.470951,51.750000,19.471164,3.079588,-1.063498,0.000000,0.000000
0.020000,20.532117,51.750000,19.532330,3.058318,-1.063498,-0.000000,0.000000
0.020000,20.592858,51.750000,19.593071,3.037048,-1.063498,0.000000,0.000000
0.020000,20.653174,51.750000,19.653386,3.015778,-1.063498,0.000000,0.000000
0.020000,20.713064,51.750000,19.713277,2.994508,-1.063498,-0.000000,0.000000
0.020000,20.772529,51.750000,19.772741,2.973238,-1.063498,0.000000,0.000000
0.020000,20.831568,51.750000,19.831781,2.951968,-1.063498,-0.000000,0.000000
0.020000,20.890182,51.750000,19.890395,2.930698,-1.063498,0.000000,0.000000
0.020000,20.948371,51.750000,19.948583,2.909428,-1.063498,-0.000000,0.000000
0.020000,21.006134,51.750000,20.006346,2.888158,-1.063498,0.000000,0.000000
0.020000,21.063472,51.750000,20.063684,2.866889,-1.063498,-0.000000,0.000000
0.020000,21.120384,51.750000,20.120597,2.845619,-1.063498,0.000000,0.000000
0.020000,21.176871,51.750000,20.177084,2.824349,-1.063498,0.000000,0.000000
0.020000,21.232932,51.750000,20.233145,2.803079,-1.063498,0.000000,0.000000
0.020000,21.288569,51.750000,20.288781,2.781809,-1.063498,-0.000000,0.000000
0.020000,21.343779,51.750000,20.343992,2.760539,-1.063498,0.000000,0.000000
0.020000,21.398565,51.750000,20.398777,2.739269,-1.063498,-0.000000,0.000000
0.020000,21.452925,51.750000,20.453137,2.717999,-1.063498,0.000000,0.000000
0.020000,21.506859,51.750000,20.507072,2.696729,-1.063498,0.000000,0.000000
0.020000,21.560369,51.750000,20.560581,2.675459,-1.063498,0.000000,0.000000
0.020000,21.613452,51.750000,20.613665,2.654189,-1.063498,-0.000000,0.000000
0.020000,21.666111,51.750000,20.666323,2.632919,-1.063498,0.000000,0.000000
0.020000,21.718344,51.750000,20.718556,2.611649,-1.063498,-0.000000,0.000000
0.020000,21.770151,51.750000,20.770364,2.590379,-1.063498,0.000000,0.000000
0.020000,21.821533,51.750000,20.821746,2.569109,-1.063498,-0.000000,0.000000
0.020000,21.872490,51.750000,20.872703,2.547839,-1.063498,-0.000000,0.000000
0.020000,21.923022,51.750000,20.923234,2.526569,-1.063498,0.000000,0.000000
0.020000,21.973128,51.750000,20.973340,2.505299,-1.063498,0.000000,0.000000
0.020000,22.022808,51.750000,21.023021,2.484029,-1.063498,-0.000000,0.000000
0.020000,22.072063,51.750000,21.072276,2.462759,-1.063498,0.000000,0.000000
0.020000,22.120893,51.750000,21.121106,2.441489,-1.063498,0.000000,0.000000
0.020000,22.169298,51.750000,21.169510,2.420219,-1.063498,0.000000,0.000000
0.020000,22.217277,51.750000,21.217489,2.398950,-1.063498,-0.000000,0.000000
0.020000,22.264830,51.750000,21.265043,2.377680,-1.063498,0.000000,0.000000
0.020000,22.311958,51.750000,21.312171,2.356410,-1.063498,0.000000,0.000000
0.020000,22.358661,51.750000,21.358874,2.335140,-1.063498,-0.000000,0.000000
0.020000,22.404938,51.750000,21.405151,2.313870,-1.063498,0.000000,0.000000
0.020000,22.450790,51.750000,21.451003,2.292600,-1.063498,0.000000,0.000000
0.020000,22.496217,51.750000,21.496430,2.271330,-1.063498,0.000000,0.000000
0.020000,22.541218,51.750000,21.541431,2.250060,-1.063498,-0.000000,0.000000
0.020000,22.585794,51.750000,21.586007,2.228790,-1.063498,0.000000,0.000000
0.020000,22.629944,51.750000,21.630157,2.207520,-1.063498,-0.000000,0.000000
0.020000,22.673669,51.750000,21.673882,2.186250,-1.063498,0.000000,0.000000
0.020000,22.716969,51.750000,21.717182,2.164980,-1.063498,-0.000000,0.000000
0.020000,22.759843,51.750000,21.760056,2.143710,-1.063498,0.000000,0.000000
0.020000,22.802292,51.750000,21.802505,2.122440,-1.063498,0.000000,0.000000
0.020000,22.844315,51.750000,21.844528,2.101170,-1.063498,0.000000,0.000000
0.020000,22.885913,51.750000,21.886126,2.079900,-1.063498,-0.000000,0.000000
0.020000,22.927086,51.750000,21.927299,2.058630,-1.063498,0.000000,0.000000
0.020000,22.967833,51.750000,21.968046,2.037360,-1.063498,-0.000000,0.000000
0.020000,23.008155,51.750000,22.008368,2.016090,-1.063498,0.000000,0.000000
0.020000,23.048052,51.750000,22.048264,1.994820,-1.063498,0.000000,0.000000
0.020000,23.087523,51.750000,22.087735,1.973550,-1.063498,0.000000,0.000000
0.020000,23.126568,51.750000,22.126781,1.952280,-1.063498,-0.000000,0.000000
0.020000,23.165188,51.750000,22.165401,1.931011,-1.063498,0.000000,0.000000
0.020000,23.203383,51.750000,22.203596,1.909741,-1.063498,-0.000000,0.000000
0.020000,23.241153,51.750000,22.241365,1.888471,-1.063498,0.000000,0.000000
0.020000,23.278497,51.750000,22.278709,1.867201,-1.063498,-0.000000,0.000000
0.020000,23.315415,51.750000,22.315628,1.845931,-1.063498,-0.000000,0.000000
0.020000,23.351908,51.750000,22.352121,1.824661,-1.063498,0.000000,0.000000
0.020000,23.387976,51.750000,22.388189,1.803391,-1.063498,0.000000,0.000000
0.020000,23.423619,51.750000,22.423831,1.782121,-1.063498,-0.000000,0.000000
0.020000,23.458836,51.750000,22.459048,1.760851,-1.063498,0.000000,0.000000
0.020000,23.493627,51.750000,22.493840,1.739581,-1.063498,0.000000,0.000000
0.020000,23.527994,51.750000,22.528206,1.718311,-1.063498,-0.000000,0.000000
0.020000,23.561934,51.750000,22.562147,1.697041,-1.063498,0.000000,0.000000
0.020000,23.595450,51.750000,22.595662,1.675771,-1.063498,-0.000000,0.000000
0.020000,23.628540,51.750000,22.628752,1.654501,-1.063498,0.000000,0.000000
0.020000,23.661204,51.750000,22.661417,1.633231,-1.063498,-0.000000,0.000000
0.020000,23.693444,51.750000,22.693656,1.611961,-1.063498,0.000000,0.000000
0.020000,23.725257,51.750000,22.725470,1.590691,-1.063498,-0.000000,0.000000
0.020000,23.756646,51.750000,22.756859,1.569421,-1.063498,0.000000,0.000000
0.020000,23.787609,51.750000,22.787822,1.548151,-1.063498,-0.000000,0.000000
0.020000,23.818147,51.750000,22.818359,1.526881,-1.063498,0.000000,0.000000
0.020000,23.848259,51.750000,22.848471,1.505611,-1.063498,0.000000,0.000000
0.020000,23.877946,51.750000,22.878158,1.484341,-1.063498,-0.000000,0.000000
0.020000,23.907207,51.750000,22.907420,1.463072,-1.063498,0.000000,0.000000
0.020000,23.936043,51.750000,22.936256,1.441802,-1.063498,-0.000000,0.000000
0.020000,23.964454,51.750000,22.964666,1.420532,-1.063498,0.000000,0.000000
0.020000,23.992439,51.750000,22.992652,1.399262,-1.063498,-0.000000,0.000000
0.020000,24.019999,51.750000,23.020211,1.377992,-1.063498,0.000000,0.000000
0.020000,24.047133,51.750000,23.047346,1.356722,-1.063498,-0.000000,0.000000
0.020000,24.073842,51.750000,23.074055,1.335452,-1.063498,0.000000,0.000000
0.020000,24.100126,51.750000,23.100339,1.314182,-1.063498,-0.000000,0.000000
0.020000,24.125984,51.750000,23.126197,1.292912,-1.063498,0.000000,0.000000
0.020000,24.151417,51.750000,23.151630,1.271642,-1.063498,0.000000,0.000000
0.020000,24.176424,51.750000,23.176637,1.250372,-1.063498,-0.000000,0.000000
0.020000,24.201006,51.750000,23.201219,1.229102,-1.063498,0.000000,0.000000
0.020000,24.225163,51.750000,23.225376,1.207832,-1.063498,-0.000000,0.000000
0.020000,24.248894,51.750000,23.249107,1.186562,-1.063498,0.000000,0.000000
0.020000,24.272200,51.750000,23.272413,1.165292,-1.063498,-0.000000,0.000000
0.020000,24.295081,51.750000,23.295293,1.144022,-1.063498,0.000000,0.000000
0.020000,24.317536,51.750000,23.317748,1.122752,-1.063498,-0.000000,0.000000
0.020000,24.339565,51.750000,23.339778,1.101482,-1.063498,0.000000,0.000000
0.020000,24.361170,51.750000,23.361382,1.080212,-1.063498,-0.000000,0.000000
0.020000,24.382348,51.750000,23.382561,1.058942,-1.063498,0.000000,0.000000
0.020000,24.403102,51.750000,23.403315,1.037672,-1.063498,0.000000,0.000000
0.020000,24.423430,51.750000,23.423643,1.016402,-1.063498,-0.000000,0.000000
0.020000,24.443333,51.750000,23.443545,0.995133,-1.063498,0.000000,0.000000
0.020000,24.462810,51.750000,23.463022,0.973863,-1.063498,-0.000000,0.000000
0.020000,24.481862,51.750000,23.482074,0.952593,-1.063498,0.000000,0.000000
0.020000,24.500488,51.750000,23.500701,0.931323,-1.063498,-0.000000,0.000000
0.020000,24.518689,51.750000,23.518902,0.910053,-1.063498,0.000000,0.000000
0.020000,24.536465,51.750000,23.536677,0.888783,-1.063498,-0.000000,0.000000
0.020000,24.553815,51.750000,23.554028,0.867513,-1.063498,0.000000,0.000000
0.020000,24.570740,51.750000,23.570953,0.846243,-1.063498,-0.000000,0.000000
0.020000,24.587239,51.750000,23.587452,0.824973,-1.063498,0.000000,0.000000
0.020000,24.603313,51.750000,23.603526,0.803703,-1.063498,0.000000,0.000000
0.020000,24.618962,51.750000,23.619175,0.782433,-1.063498,-0.000000,0.000000
0.020000,24.634185,51.750000,23.634398,0.761163,-1.063498,0.000000,0.000000
0.020000,24.648983,51.750000,23.649196,0.739893,-1.063498,-0.000000,0.000000
0.020000,24.663356,51.750000,23.663568,0.718623,-1.063498,0.000000,0.000000
0.020000,24.677303,51.750000,23.677515,0.697353,-1.063498,-0.000000,0.000000
0.020000,24.690824,51.750000,23.691037,0.676083,-1.063498,0.000000,0.000000
0.020000,24.703921,51.750000,23.704133,0.654813,-1.063498,-0.000000,0.000000
0.020000,24.716592,51.750000,23.716804,0.633543,-1.063498,0.000000,0.000000
0.020000,24.728837,51.750000,23.729050,0.612273,-1.063498,-0.000000,0.000000
0.020000,24.740657,51.750000,23.740870,0.591003,-1.063498,0.000000,0.000000
0.020000,24.752052,51.750000,23.752264,0.569733,-1.063498,0.000000,0.000000
0.020000,24.763021,51.750000,23.763234,0.548463,-1.063498,-0.000000,0.000000
0.020000,24.773565,51.750000,23.773778,0.527194,-1.063498,0.000000,0.000000
0.020000,24.783683,51.750000,23.783896,0.505924,-1.063498,-0.000000,0.000000
0.020000,24.793376,51.750000,23.793589,0.484654,-1.063498,0.000000,0.000000
0.020000,24.802644,51.750000,23.802857,0.463384,-1.063498,-0.000000,0.000000
0.020000,24.811486,51.750000,23.811699,0.442114,-1.063498,0.000000,0.000000
0.020000,24.819903,51.750000,23.820116,0.420844,-1.063498,-0.000000,0.000000
0.020000,24.827895,51.750000,23.828107,0.399574,-1.063498,0.000000,0.000000
0.020000,24.835461,51.750000,23.835673,0.378304,-1.063498,0.000000,0.000000
0.020000,24.842601,51.750000,23.842814,0.357034,-1.063498,-0.000000,0.000000
0.020000,24.849317,51.750000,23.849529,0.335764,-1.063498,0.000000,0.000000
0.020000,24.855607,51.750000,23.855819,0.314494,-1.063498,-0.000000,0.000000
0.020000,24.861471,51.750000,23.861684,0.293224,-1.063498,0.000000,0.000000
0.020000,24.866910,51.750000,23.867123,0.271954,-1.063498,-0.000000,0.000000
0.020000,24.871924,51.750000,23.872137,0.250684,-1.063498,0.000000,0.000000
0.020000,24.876512,51.750000,23.876725,0.229414,-1.063498,-0.000000,0.000000
0.020000,24.880675,51.750000,23.880888,0.208144,-1.063498,0.000000,0.000000
0.020000,24.884413,51.750000,23.884625,0.186874,-1.063498,-0.000000,0.000000
0.020000,24.887725,51.750000,23.887937,0.165604,-1.063498,0.000000,0.000000
0.020000,24.890611,51.750000,23.890824,0.144334,-1.063498,0.000000,0.000000
0.020000,24.893073,51.750000,23.893285,0.123064,-1.063498,-0.000000,0.000000
0.020000,24.895108,51.750000,23.895321,0.101794,-1.063498,0.000000,0.000000
0.020000,24.896719,51.750000,23.896932,0.080524,-1.063498,-0.000000,0.000000
0.020000,24.897904,51.750000,23.898117,0.059255,-1.063498,0.000000,0.000000
0.020000,24.898664,51.750000,23.898876,0.037985,-1.063498,-0.000000,0.000000
0.020000,24.898998,51.750000,23.899211,0.016715,-1.063498,0.000000,0.000000
0.020000,24.899059,51.750000,23.899272,0.003040,-0.683740,18.987872,0.000000
0.020000,24.899059,51.750000,23.899272,0.000000,-0.151991,26.587443,0.000000
0.020000,24.899059,51.750000,23.899272,0.000000,0.000000,7.599571,0.000000
